{
	"partitions" : [
		{
			"name" : "Top",
			"pins" : [
				{
					"name" : "vga_hs",
					"strict" : false
				},
				{
					"name" : "vga_vs",
					"strict" : false
				},
				{
					"name" : "vga_sync",
					"strict" : false
				},
				{
					"name" : "vga_blank",
					"strict" : false
				},
				{
					"name" : "vga_b[7]",
					"strict" : false
				},
				{
					"name" : "vga_b[6]",
					"strict" : false
				},
				{
					"name" : "vga_b[5]",
					"strict" : false
				},
				{
					"name" : "vga_b[4]",
					"strict" : false
				},
				{
					"name" : "vga_b[3]",
					"strict" : false
				},
				{
					"name" : "vga_b[2]",
					"strict" : false
				},
				{
					"name" : "vga_b[1]",
					"strict" : false
				},
				{
					"name" : "vga_b[0]",
					"strict" : false
				},
				{
					"name" : "vga_g[7]",
					"strict" : false
				},
				{
					"name" : "vga_g[6]",
					"strict" : false
				},
				{
					"name" : "vga_g[5]",
					"strict" : false
				},
				{
					"name" : "vga_g[4]",
					"strict" : false
				},
				{
					"name" : "vga_g[3]",
					"strict" : false
				},
				{
					"name" : "vga_g[2]",
					"strict" : false
				},
				{
					"name" : "vga_g[1]",
					"strict" : false
				},
				{
					"name" : "vga_g[0]",
					"strict" : false
				},
				{
					"name" : "vga_r[7]",
					"strict" : false
				},
				{
					"name" : "vga_r[6]",
					"strict" : false
				},
				{
					"name" : "vga_r[5]",
					"strict" : false
				},
				{
					"name" : "vga_r[4]",
					"strict" : false
				},
				{
					"name" : "vga_r[3]",
					"strict" : false
				},
				{
					"name" : "vga_r[2]",
					"strict" : false
				},
				{
					"name" : "vga_r[1]",
					"strict" : false
				},
				{
					"name" : "vga_r[0]",
					"strict" : false
				},
				{
					"name" : "rst",
					"strict" : false
				},
				{
					"name" : "shoot",
					"strict" : false
				},
				{
					"name" : "move_right",
					"strict" : false
				},
				{
					"name" : "move_left",
					"strict" : false
				}
			]
		}
	]
}